@id;name;@lat;@lon;addr:city;addr:postcode;addr:street;addr:housenumber;amenity;cuisine;indoor_seating;outdoor_seating;opening_hours;website;wheelchair;Column1;_1;_2;_3;_4;_5
29455088;Loge;474985900;87313532;;;;;bar;;;;"Mo,Tu 15:00-18:00+; We-Fr 14:30-18:00+; Sa,Su 13:30-18:00+";;;;;;;;
34039212;Hallenbadrestaurant Geiselweid;474955184;87415564;;;;;restaurant;;;;"Tu-Fr 09:00-21:00; Mo 11:30-21:00; Sa,Su 09:00-18:30";;;;;;;;
34040796;Schwimmbadrestaurant Töss;474830648;87057040;;;;;restaurant;;no;yes;;;;;;;;;
246249861;Tibits;475000502;87312632;Winterthur;8400;Oberer Graben;48;restaurant;;;;Mo 07:00-22:00; Tu-Fr 07:00-22:30; Sa 08:00-22:30; Su 09:00-22:00;https://www.tibits.ch/de/restaurants#tibits-winterthur;yes;;;
246252799;Kafisatz;474989007;87272644;Winterthur;8400;Spitalgasse;1;cafe;;yes;yes;"Mo,We-Th 08:00-24:00; Tu 07:00-24:00; Fr 07:00-02:00; Sa 08:30-02:00; Su 12:00-22:00";https://kafisatz.ch;limited;;;;;;
246253649;Vollenweider;474998045;87250404;Winterthur;8400;Stadthausstrasse;20;cafe;;;;Mo-Fr 08:00-18:00; Sa 08:30-18:00; Su 09:00-18:00;https://www.vollenweiderchocolatier.ch/;limited;;;;
246253651;Casinotheater Restaurant Fredi;474997470;87264919;;;;;restaurant;regional;;;"Mo 11:00-22:30; Tu,We 09:00-22:30; Th,Fr 09:00-24:00; Sa 11:00-24:00";;limited;;;;;;
246253655;Albani;474984256;87292032;Winterthur;8400;Steinberggasse;16;pub;;;yes;"Mo-We 15:00-24:00; Fr,Sa 15:00+";https://www.albani.ch;limited;;;;;;
247766473;Widder;474986261;87277212;Winterthur;8400;Metzggasse;9;pub;;;yes;;https://www.gasthofzumwidder.ch/;limited;;;;;;
247766478;grepery;474979565;87273720;Winterthur;8400;Steinberggasse;59;restaurant;;;;Mo-Th 09:00-24:00; Fr-Sa 09:00-01:00; Su 09:00-23:00;https://www.grepery.ch/winterthur/;;;;;
247766635;Cappucino;474987667;87304544;;;;;cafe;coffee_shop;;;Mo-Th 07:00-00:00; Fr 07:00-01:00; Sa 08:00-01:00; Su 09:30-00:00;https://www.cappuccino-winterthur.ch/;limited;;;
247766860;Paddy O'Briens Old Irish Pub;475015260;87259480;Winterthur;8400;Merkurstrasse;25;pub;;;;Mo-We 16:00-24:00, Th,Fr 16:00-02:00, Sa 15:00-02:00, Su 17:30-24:00;https://www.paddyobriens.ch/;no;;;;;;
249730077;Chnelle 3;474979362;87321599;Winterthur;8400;Technikumstrasse;2;pub;;;;Mo-Su 18:00+;;no;;;;;;
249730688;Quincy;475036678;87273729;;8400;;;bar;;;no;Fr-Sa 17:00-02:00; Th 17:00-23:00; Su 10:00-15:00;https://quincybar.ch/;limited;;;;
256866280;National;474996979;87241129;Winterthur;8400;Stadthausstrasse;24;restaurant;;;;Mo-We 09:00-22:30; Th-Fr 09:00-23:30; Sa 09:00-23:30; Su 10:00-21:30;https://www.bindella.ch/de/national.html;limited;;;
270908998;zum Schäfli;474989606;87313826;;;;;restaurant;regional;;;Mo-Fr 08:30-00:00; Sa 10:30-00:00;https://www.restaurant-schaefli-winterthur.ch/;no;;;;;
272321242;Stadtmuur;474980775;87311439;Winterthur;8400;Holderplatz;4;cafe;;;;Mo-Tu 11:30-13:45, Th-Fr 11:30-13:45, Apr 26-May 05 off;https://stadtmuur.ch/;;;;;;;
272323419;Renegade;474980412;87306613;Winterthur;8400;Technikumstrasse;10;pub;;;;Su-Th 16:00-02:00, Fr,Sa 16:00-04:00;;no;;;;;;
277746978;Kafi Ass;474924964;87612520;;;;;restaurant;;;;;;limited;;;;;;
282655573;Alltag;474992488;87309303;Winterthur;8400;Unterer Graben;25;cafe;;yes;yes;Mo-Th 07:30-24:00, Fr 07:30-01:00, Sa 08:30-01:00, Su 10:00-18:00;https://alltag-cafebar.ch/;limited;;;;;;
282655574;Istanbul;474999063;87320208;Winterthur;8400;Obertor;21;fast_food;kebab;;yes;;;;;;;;;
282655576;Fahrenheit;474982284;87270102;Winterthur;8400;Steinberggasse;65;pub;;;yes;Mo-We 14:00-24:00; Th 14:00-01:00; Fr 14:00-02:00; Sa 09:00-02:00; Su 14:00-22:00;https://www.fahrenheit-bar.ch/;no;;
282655581;Pulcinella;474986890;87277010;Winterthur;8400;Metzggasse;11;restaurant;italian;;yes;Mo-Su 17:30-23:30;https://pulcinella-winterthur.ch/;limited;;;;;;
285953784;Plan B;474983429;87206239;Winterthur;8400;Zürcherstrasse;7;pub;;yes;yes;Mo-Th 10:00-24:00; Fr 10:00-02:00; Sa 14:00-02:00; Su 14:00-24:00;https://planb-bar.ch;limited;;;
299079168;Kraftfeld;474948426;87180767;;;;;pub;;yes;yes;Fr,Sa 21:00-05:00, We,Th 19:00-01:00;https://www.kraftfeld.ch/;;;;;;;
300428220;Hirschen;475109256;86944084;;;;;restaurant;;;;;;;;;;;;
307364223;Café Auszeit;475072030;87112534;Winterthur;8400;Wülflingerstrasse;77;restaurant;;;;Tu-Su 08:00-18:00;https://www.cafe-auszeit.ch;;;;;;;
307364547;Pizzeria Rosenberg;475116598;87216514;Winterthur;8400;Schaffhauserstrasse;56;restaurant;pizza;italian;;yes;Tu-Su 9:00-22:00;https://pizzeria-rosenberg.ch;no;;;;;
352831991;Dimensione;474994440;87325645;;;Neustadtgasse;25;cafe;;;yes;"Sa,Su off; Mo-Fr 10:00-16:00";https://www.dimensione.ch/;;;;;;;
353186982;McDonald's;474990848;87244693;;;;;fast_food;burger;yes;no;Mo-Sa 08:30-24:00,Fr 00:00-01:00,Sa 00:00-05:00,Su 00:00-06:00,10:00-24:00;https://www.mcdonalds.com/ch/de-ch/location/z-rich-zurich/winterthur/winterthur-untertor/untertor-37/780023.html;yes;;;;;;
359683408;Ristorante Pizzeria al Agi-M;474963918;87402957;;;;;restaurant;pizza;italian;;terrace;"Mo-Sa 11:00-14:00,17:00-22:30; PH closed";https://al-agi-m.ch/;no;;;;;
359683523;Bistrot George;474958068;87380951;Winterthur;8400;Grüzenstrasse;45;restaurant;;;;"Tu,Th-Su 10:00-18:00; We 10:00-20:00";https://bistro-george.ch/;limited;;;;;;
359683717;Cucina;474943149;87407208;;;;;restaurant;italian;indian;;;;;yes;;;;;
359685942;Strauss;475003358;87272460;Winterthur;;Stadthausstrasse;8;restaurant;regional;;;Mo-Sa 10:00-24:00;https://www.strauss-winterthur.ch/;limited;;;;;;
359686638;Rosa Pulver;475004628;87268709;Winterthur;8400;Stadthausstrasse;10;restaurant;regional;;;"Tu-Fr 11:30-13:30, 18:00+; Sa 18:00+";https://rosapulver.ch/;;;;;;;
359686907;Coop Restaurant;475008859;87260018;;;;;restaurant;;;;Mo-Sa 08:00-20:00;;yes;;;;;;
359687037;Santa Lucia;475009387;87252033;Winterthur;8400;Bahnhofplatz;12;restaurant;pizza;;;"Mo-Fr 11:30-14:00,17:30-22:30; Sa,Su 11:30-22:30";https://www.bindella.ch/de/santa-lucia-winterthur.html;limited;;;;;;
359687167;Coal Mine Bar;475004342;87251948;;;;;pub;;;;;;no;;;;;;
359687975;Restaurant Trübli;474989829;87262079;Winterthur;8400;Bosshardengässchen;2;restaurant;;yes;no;Tu-Sa 16:00-23:30;https://restaurant-truebli.ch;;;;;;;
359688178;Typisch Thai;474984254;87261656;Winterthur;8400;Neumarkt;3;restaurant;thai;;;"Mo-Fr 10:00-14:00,17:00-23:00; Sa,Su 17:00-23:00";https://www.typischthai.ch;;;;;;;
359690143;Thurbinä;474992687;87284821;;;;;pub;;yes;yes;Tu,We 15:00-23:00, Th 15:00-24:00, Fr 15:00-01:00, Sa 14:00-01:00, Su 15:00-21:00;;no;;;;;;
359690232;Le ciel bleu;474978440;87284816;Winterthur;8400;Technikumstrasse;44;pub;;;;;;no;;;;;;
359690395;Brasserie Rössli;474977995;87278351;Winterthur;8400;Technikumstrasse;56;restaurant;mediterranean;;yes;"Tu-Fr 11:45-14:00,18:00-22:30; Sa 18:00-22:30";https://www.brasserie-roessli.ch/;no;;;;;;
359690485;Gwölb;474980808;87289351;Winterthur;8400;Steinberggasse;29;pub;;;;;;no;;;;;;
359690572;Riva;474983902;87301298;Winterthur;8400;Steinberggasse;2;pub;;;;Mo,We,Th 08:00-24:00, Tu 07:00-24:00, Fr 07:00-01:00, Sa 08:30-01:00, Su 12:00-22:00;;;;;;;;
359690720;Obergass;474988710;87301867;;;;;restaurant;;;yes;Mo 17:00-24:00; Tu-Fr 08:00-24:00; Sa 09:30-24:00;http://www.restaurant-obergass.ch/;no;;;;
359690786;Tamam;474979455;87294072;Winterthur;8400;Technikumstrasse;28;fast_food;kebab;mediterranean;;;Tu-Sa 11:00-21:30; Mo 11:00-21:00;;no;;;;
359690871;Sonne;474996801;87298391;Winterthur;8400;Marktgasse;15;restaurant;regional;;;We-Su 11:00-14:30,17:00-22:00+;https://www.zur-sonne.ch/;;;;;;;
359691092;La Pergola;475001230;87291699;Winterthur;8400;Stadthausstrasse;71;restaurant;italian;;yes;"Mo-Sa 09:00-14:00,17:00-23:00; Su off";https://www.la-pergola.ch/;limited;;;;;;
359691412;Cantinetta Bindella;474997238;87287787;Winterthur;8400;Marktgasse;44;restaurant;italian;;yes;Mo-Sa 11:30-22:30; Su 12:00-22:00;https://www.bindella.ch/de/cantinetta-bindella-winterthur.html;yes;;;;;
359692073;Orsini;474987259;87247369;Winterthur;8400;Technikumstrasse;96;restaurant;;;yes;"Mo,Tu 10:00-22:00; We-Fr 10:00-23:00; Sa 15:00-23:00";;no;;;;;;
359692293;Stricker’s;474995420;87201703;;;;;restaurant;international;burger;regional;tapas;yes;yes;Mo-Th 11:00-23:00; Fr 11:00-24:00; Sa 09:00-24:00; Su 09:00-16:00;https://restaurant-strickers.ch/;no
359692440;Bellevue;475019996;87185647;;;;;restaurant;italian;;yes;Mo-Su 10:00-23:00;https://bellevue-pizzeria.ch/;no;;;;;;
359692842;Stadion;475023945;87182843;;;;;restaurant;;;;Mo-Fr 06:45-23:00; Sa 08:00-19:00; Su 08:00-14:00;;;;;;
359693315;Central;475060238;87148178;;;;;restaurant;;;;"Mo-Fr 08:00-14:00, 16:00-23:00; Sa 17:00-23:00";;;;;;;;
359694751;No18;475042060;87206480;Winterthur;8400;Wülflingerstrasse;18;restaurant;regional;;;Th-We 11:30-01:00; Th-Fr 11:30-02:00; Sa 15:00-02:00;https://18-winterthur.ch/;;;;;
359694784;Tandoor;475046210;87195676;;;;;restaurant;indian;;;"Mo-Fr 11:00-14:00,18:00-24:00;Sa-Su 18:00-24:00";http://www.restaurant-tandoor.ch/;no;;;;;;
359695274;Piazza;475052041;87172595;Winterthur;8400;Walkestrasse;23;restaurant;pizza;kebab;;;Mo-Th 17:00-22:30, Fr 17:00-23:00, Sa 12:00-23:00, Su 12:00-22:00;https://www.piazzapizza.ch/;;;;;;
359700824;Lori Take Away;475073743;87258670;Winterthur;8400;Brunngasse;41;fast_food;kebab;;;Mo-Th 10:00-23:00; Fr-Sa 10:00-24:00; Su 10:00-23:00;;no;;;;
359701183;Äusserer Lindhof;475077581;87253968;Winterthur;8400;Blatterstrasse;1;restaurant;regional;;;"Mo 06:00-13:30; Tu-Fr 06:00-13:30, 16:00-22:00; Sa 08:00-14:00";;;;;;;;
369825427;Salitre;474961895;86986067;;;;;restaurant;;;;;;;;;;;;
380488748;Punto e Pasta;474991725;87313796;;;;;restaurant;italian;;;Oct 1-Apr 30 Mo-Su 11:00-23:30; May 1-Sep 30 Mo-Su 11:00-24:00;https://punto-et-pasta.ch/;yes;;;;;
382989332;Barnabas;474966260;87274275;Winterthur;8400;Büelrainstrasse;1;restaurant;asian;;yes;Tu-Sa 18:00-23:00;https://barnabaswinti.ch/;no;;;;;;
387228479;Billabong Sport's & Music Bar;474843234;87025990;Winterthur;8406;Zürcherstrasse;260;bar;australian;yes;yes;06:00-00:00; Sa 14:00-00:00; Su off;http://www.billabong-pub.ch/;;;;;
387450211;Das schmale Handtuch;474972516;87275212;;;;;pub;;;yes;Tu-Th 16:00-24:00, Fr 16:00-02:00, Sa 18:00-02:00;http://www.dasschmalehandtuch.ch/;limited;;;;;;
412728346;Blumenau;475073010;87108669;;;;;restaurant;regional;;;;;;;;;;;
412729253;Haku;474984069;87381431;;;;;restaurant;japanese;;;Tu-Sa 11:00-14:00,17:30-22:00;https://www.haku-restaurant.ch/home;limited;;;;;;
412760190;Oliveira;474912979;87075577;Winterthur;8406;Stationsstrasse;3;restaurant;portuguese;;;Tu-Fr 10:30-22:00; Sa 10:00-22:00; Su 10:00-20:00;;no;;;;
441314886;Freieck;474803434;87639702;;;;;restaurant;;;;Su-Tu 10:00-23:30, Fr,Sa 10:00-00:30;;;;;;;;
471627998;Baby;474981269;87232638;Winterthur;8400;Untere Vogelsangstrasse;7;pub;;;;;;;;;;;;
471627999;Archbar;474985743;87234927;Winterthur;8400;Archstrasse;2;pub;;;;Mo-Fr 16:30+; Sa 19:00+;;;;;;;
471628000;Molino;474994389;87277569;Winterthur;8400;Marktgasse;45;restaurant;pizza;;;Mo-Su 10:00-23:00;https://molino.ch/de/pizzeria-ristorante-molino-winterthur;limited;;;;;;
472383224;1st Choice;475107345;86944731;;;;;bar;;;;;;;;;;;;
472774192;Zermatt Kebap Haus;474978528;87285770;Winterthur;8400;Technikumstrasse;42;fast_food;kebab;;;;;no;;;;;;
498891528;San Remo;475071480;87257511;Winterthur;8400;Brunngasse;35;restaurant;italian;;yes;"Mo-Fr 11:00-14:00,17:30-22:30; Sa 17:30-22:30; PH off";;;;;;;;
534876365;Buon Gusto;475050499;87184541;;;;;restaurant;;;yes;"Mo-Fr 11:00-14:00, Mo-Fr 17:00-22:00+; Sa 18:00-22:00+";;;;;;;;
534878149;nachbarsbox;475048564;87189785;Winterthur;8400;Wülflingerstrasse;28;restaurant;grill;salad;bread;;yes;"Mo, Tu, Th 07:00-18:00; We, Fr 07:00-24:00; Sa, Su, PH off";https://www.facebook.com/nachbarsbox/;;;;;
534917835;Bistro Alte Kaserne;474979559;87313352;Winterthur;8403;Technikumstrasse;8;restaurant;;;;Mo-Fr 09:00-22:30; Sa 15:00-22:30;https://altekaserne.ch/bistro/;;;;;;
548913444;Schwimmbad Wülflingen;475120340;86848455;;;;;restaurant;;;;;;;;;;;;
548915072;Weinberg;475163992;86795583;;;;;restaurant;;;;;;;;;;;;
548920489;La Bodega Carlo;475026529;87198587;;;;;restaurant;spanish;;;"Tu-Fr 08:30-14:00,17:00-23:00; Sa 09:30-14:00,17:00-23:00";;limited;;;;;;
548920518;Osteria del fiore;475012974;87212681;;;;;restaurant;italian;;;"Mo-Fr 11:30-14:00,18:00-23:00; Sa 16:00-24:00; Su 16:00-22:00";https://www.osteriadelfiore.ch/;;;;;;;
548920700;Fu Ji;474989065;87212551;;8400;Strickerstrasse;3;restaurant;asian;yes;yes;Mo-Su 11:00-22:00;https://fujirestaurant.ch/;yes;;;;;;
556746551;Pizzeria Schwanen;474941104;87145030;;;;;restaurant;pizza;pasta;yes;yes;"Mo-Fr 08:30-14:00,17:00-24:00; Sa 17:00-23:00";;no;;;;;
560156308;Maharaja Curry;475011461;87211262;Winterthur;8400;Wartstrasse;23;restaurant;indian;;no;"Mo-Fr 11:30-14:00,18:00-23:00; Sa 18:00-23:00";https://www.maharaja-curry.ch;no;;;;;;
560157037;Tibet Bistro;475017718;87209446;;;;;restaurant;tibetan;;;"Tu 17:30-21:30; We-Su 11:30-14:00, 17:30-21:30";;;;;;;;
561504426;Food Corner Swiss;474990805;87234884;;;;;fast_food;kebab;no;pedestrian_zone;Su-Th 11:00-02:00; Fr-Sa 11:00-06:00;https://www.foodcorner-swiss.ch/;yes;;;;;
561504452;La Torre;474978808;87235621;;;;;restaurant;;;;;;;;;;;;
561524250;Winti-Kanne;474981673;87291301;Winterthur;8400;Steinberggasse;25;restaurant;regional;mediterranean;;;"Tu-Fr 11:30-14:00,18:00+; Sa 18:00+; Mo,Su open ""Auf Anfrage""; PH closed";https://www.wintikanne.ch/;;;;;;
564669032;Sargin Kebap Haus;474912971;87067075;;;;;fast_food;kebab;;;"Tu-Fr 10:00-21:00; Sa,Su 11:00-21:00";;no;;;;;;
564669037;Poly;474914174;87061859;;;;;fast_food;kebab;;;;;;;;;;;
564670033;Kuhn;474993780;87219049;;;;;cafe;;yes;yes;Mo-Fr 06:30-20:00; Sa 07:00-18:00; May-Oct Su 08:00-14:00; Nov-Apr Su 08:00-17:00;;limited;;;
564670042;Boulevard;474995031;87244639;Winterthur;8400;Stadthausstrasse;143;restaurant;burger;;;Mo-Th 05:45-00:30, Fr 05:45-02:30, Sa 09:00-02:30, Su 10:30-00:30;;no;;;;;;
564670052;Gilgamesh Bar und Lounge;474996240;87253230;Winterthur;8400;Stadthausstrasse;135;pub;;;;Mo-Th 12:00-02:00, Fr,Sa 12:00-05:00, Su 13:00-02:00;;;;;;;;
564888514;Brauhaus;474986288;87261468;Winterthur;8400;Neumarkt;7;restaurant;;;yes;"We,Th 11:00-23:30; Fr 16:00-23:30; Sa 14:00-23:30; Su 10:00-15:00";https://www.brauhaus.ch/gastro-winterthur;limited;;;;;;
564888543;Restaurant Alterszentrum Neumarkt;474986144;87267513;Winterthur;8400;Neumarkt;6;restaurant;regional;;;Mo-Fr 07:30-17:00;;yes;;;;;;
574671585;Labüsch Bar;474950888;87178027;;;;;pub;;yes;yes;;https://labuesch.com/de/bar_galerie;;;;;;;
574685031;Manta Bar;474983110;87172632;Winterthur;8400;Neuwiesenstrasse;1;fast_food;;yes;yes;Mo-Fr 09:00-15:00;;limited;;;;;;
593846241;El Burrito Feliz;474994087;87198400;Winterthur;8400;Schützenstrasse;8;restaurant;mexican;;yes;"Mo-Sa 11:30-14:00,17:30-22:00; PH closed";https://www.elburritofeliz.ch/;limited;;;;;;
632149361;Rössli;474822603;87612293;;;;;restaurant;;;;Tu-Fr 08:30-23:00; Sa 11:00-23:00; Su 11:00-17:00;;;;;;
648047492;Al Mouchtar;475020586;87270092;Winterthur;8400;Theaterstrasse;7;fast_food;syrian;;;Mo-Su 10:00-20:00;;no;;;;;;
651516557;Sonne;474840926;87597534;;;;;restaurant;pizza;;;;;;;;;;;
659475608;Hermannseck;474981027;87409953;;;;;restaurant;regional;;;Mo-Fr 09:00-23:00; Sa 17:00-23:30;;no;;;;;
663893225;Eulach-Treff;475108415;86951973;;;;;restaurant;;;;;;;;;;;;
675161654;Locanda Trivisiano;474997184;87261232;Winterthur;8400;Stadthausstrasse;121;cafe;;;;Mo-Sa 09:00-24:00;;;;;;;;
675161668;Royal Döner;474996060;87251847;Winterthur;8400;Stadthausstrasse;137;fast_food;;;;;;yes;;;;;;
677194766;Tom Yam;475035719;87521674;;;;;restaurant;thai;;;"Mo-Fr 11:00-14:00,17:30-23:00; Sa 17:30-23:00";;;;;;;;
687625761;LoiMy;475000603;87285738;Winterthur;8400;Stadthausstrasse;83;cafe;bubble_tea;;;"Mo,We,Fr 11:30-18:00; Sa 11:30-17:00";;;;;;;;
703057903;Ocean Five;474985230;87261594;Winterthur;8400;Neumarkt;5;restaurant;burger;;yes;Mo-Th 11:00-00:30, Fr 11:00-02:30, Sa 12:00-02:30, Su 17:00-00:30;https://www.oceanfive.ch/;limited;;;;;;
703057906;Zum Goldenen Horn;474988298;87261226;;;Neumarkt;13;restaurant;turkish;;;"Mo-Th 11:00-23:00; Fr, Sa 11:00-00:00; Su 12:00-21:00";;limited;;;;;;
705760974;Breite;474901635;87256654;;;;;restaurant;;;;;;no;;;;;;
708997924;Tearoom Teekult;474981741;87292903;Winterthur;8400;Steinberggasse;21;pub;;;;Tu-Fr 11:30-18:30; Mo 11:30-18:30; Sa 09:00-17:00;https://www.teekult.ch/;no;;;;
709022313;Insieme;474984079;87288259;Winterthur;8400;Steinberggasse;24;cafe;italian;;;;https://insieme-piadineria.ch/;;;;;;;
709078361;Café Zentrum;474989510;87260438;;;;;cafe;;;;"Mo 08:30-17:00; Tu 08:00-18:30; We, Th 08:30-18:30; Fr 08:00-18:30; Sa 08:30-18:30; Su 10:00-17:00";;;;;;;;
710880571;Silberkeller;474983744;87282627;Winterthur;8400;Steinberggasse;26;restaurant;;;no;;http://www.silberkeller.ch;;;;;;;
712608636;Lucky Smash;474980881;87276003;;;;;restaurant;burger;;;"Mo,Su off; Tu-Th 18:00-21:30; Fr 18:00-22:30; Sa 16:00-22:30";;;;;;;;
731833436;Tech Point;474978010;87276201;;;;;fast_food;kebab;;;;;;;;;;;
738947656;Kaffeeleben;474991238;87277049;Winterthur;8400;Metzggasse;16;cafe;;;;"Mo,Su off; Tu-Sa 09:00-17:00";https://kaffeeleben.ch/;no;;;;;;
749913670;Bistro La Couronne;474991204;87274751;Winterthur;;Marktgasse;49;restaurant;;;;;https://www.kronewinterthur.ch/;;;;;;;
749928336;il salottino;474985477;87287480;Winterthur;8400;Pfarrgasse;4;pub;;;;"Su,Mo off; Tu,Th,Fr 09:00+; We,Sa 14:00-18:00+";https://ilsalottino.ch/;;;;;;;
763523652;De Tapas;474981734;87316880;Winterthur;8400;Tösstalstrasse;8;restaurant;;;;Tu-Fr 17:00-23:00; Sa 15:00-23:00;;;;;;;
763523653;La Panetteria;474981861;87315850;Winterthur;8400;Tösstalstrasse;6;restaurant;;;;"Mo-Fr 11:00-14:00,17:30-23:00; Sa 18:00-23:00";;;;;;;;
763523656;Green Klub;474980864;87322430;Winterthur;8400;Tösstalstrasse;18;bar;;;;;;;;;;;;
854335396;Restaurant Technorama (ZFV);475136440;87644672;;;;;restaurant;;yes;yes;Mo-Su 10:00-17:00;;yes;;;;;;
917755893;Eurest / Restaurant Technopark Winterthur;474946208;87167601;Winterthur;8406;Technoparkstrasse;2;food_court;;;;Mo-Fr 07:00-14:00;https://clients.eurest.ch/de/tpw/home;yes;;;;;;
927397061;Grill - Take Away;475196057;87179758;;;;;fast_food;;;;;;limited;;;;;;
966324137;Banane;475042768;87255421;;;;;restaurant;;;;Mo-Su 11:30-14:00, 18:00-22:30;;;;;;;;
966324570;Banana Bar;475042006;87255233;;;;;bar;;;;;;;;;;;;
1092038913;;474888569;87287145;;;;;bbq;;;;;;;;;;;;
1328945988;Mare et Monti;474849589;87629776;;;;;restaurant;;;;;;yes;;;;;;
1374191997;Sessel;474622906;87714855;;;;;bbq;;;;;;;;;;;;
1479407508;Schloss Wülflingen;475113417;86995040;Winterthur;8408;Wülflingerstrasse;214;restaurant;regional;;yes;"Mo-Fr 11:00-14:00,17:30-22:00; Sa-Su 11:00-22:00";http://www.schlosswuelflingen.ch/;limited;;;;;;
1483019192;Cotton Corner Bar;475013615;87260868;;;;;pub;;;;Mo-Th 08:45-24:00, Fr 08:45-01:00, Sa 16:00-01:00;;no;;;;;;
1488980360;Zum grünen Hund;474907705;87125390;;;;;restaurant;regional;;;"""temporarily closed""";http://gruenerhund.ch;;;;;;;
1519474203;Migros Restaurant;474853872;87627865;Winterthur;8405;Hinterdorfstrasse;40;restaurant;international;;no;"Mo-We 08:00-19:00; Th,Fr 08:00-20:00; Sa 08:00-18:00";https://filialen.migros.ch/de/migros-restaurant-winterthur-seen;;;;;;;
1519868844;Bodega Bar;474997012;87243780;;;;;cafe;;;;Mo-We 09:00-22:30; Th-Sa 09:00-23:30; Su 10:00-21:30;;;;;;
1531299433;Kiosk AG;474979196;87165097;;;;;fast_food;;yes;no;Mo-Fr 08:00-14:00;;limited;;;;;;
2172799512;Siam Chili;475040910;87294585;Winterthur;8400;Lindstrasse;27;restaurant;thai;;;Mo 09:00-14:30; Tu-Fr 09:00-20:00;;;;;;;
2424697821;Café Augenblick;475071968;87548674;;;;;cafe;;yes;yes;"We,Fr 08:00-19:00; Sa 09:00-17:00; Su 10:00-17:00; Th 08:00-19:00";;outside;;;;;;
2424718821;Restaurant Pizzeria Schmiede;475063228;87571254;;;;;restaurant;italian;;;"Mo-Fr 11:00-13:00, 17:00-22:00; Sa-Su 17:00-22:00";;;;;;;;
2424720789;Bahnhöfli Oberi;475078362;87585596;Winterthur;8404;Römertorstrasse;4;restaurant;;;;Tu-Th 11:30-23:00; Fr 11:30-00:00; Sa 16:00-00:00;https://bahnhoefli-oberi.ch;;;;;
2424723261;Restaurant Sonneck;475072954;87541469;;;Römerstrasse;159;restaurant;regional;;;Mo-Th 09:00-14:00, Fr 09:00-14:00, Mo-Th 16:30-23:30, Fr 16:30-24:00;https://www.sunnegg.ch;yes;;;;;;
2424724704;Matterhorn;475074494;87549274;;8404;Römerstrasse;;fast_food;kebab;;streetside;"Su,Mo 09:00-22:00; Tu-Sa 09:00-23:00";;no;;;;;;
2424724937;Thai Lotos Garden;475075362;87551433;;;;;restaurant;thai;;;"Tu-Fr 11:30-14:00,17:30-23:00; Sa 17:30-23:00";;no;;;;;;
2451608588;Shimbala;475048376;87660267;Winterthur;8404;Ida-Sträuli-Strasse;71;restaurant;tibetan;sushi;indian;western;yes;yes;"Mo-Fr 11:00-14:30, 17:30-22:00; Sa 17:00-22:00";https://shimbala.ch/;yes;;;
2451641185;Gerry's Bar;475044596;87636097;Winterthur;8404;Else-Züblin-Strasse;;restaurant;pizza;;;Tu-Fr 09:30-14:30, We-Su 17:00-22:00;https://www.gerrysbar.ch/;yes;;;;;;
2451643514;Restaurant Eulachpark;475046920;87628234;;;Barbara-Reinhart-Strasse;;restaurant;;;;Tu 10:00-15:00, We-Th 10:00-22:00, Fr-Sa 10:00+, Su 11:00-21:00;https://www.restaurant-eulachpark.ch/;yes;;;;;;
2457539648;Restaurant Burehus;474866133;87594559;;;;;restaurant;regional;;;Mo-Fr 09:00-23:30; Su 11:00-17:00;;;;;;;
2466736061;Tres Amigos;475006088;87270725;;;;;restaurant;mexican;;yes;Mo-Th 10:00-24:00, Fr-Sa 10:00-02:00, Su 10:00-23:00;https://www.tresamigos.ch/winterthur/;no;;;;;;
2486983218;Kafi Müli;475060346;87603588;;;Hegifeldstrasse;2a;restaurant;coffee_shop;yes;yes;Mo-Fr 08:30-16:30;https://www.kafimueli.ch;;;;;;;
2493971952;Bloom;475010807;87325260;;;;;restaurant;;;;"Mo-Fr 06:30-23:00; Sa,Su 07:00-23:00";https://bloom.ch/;;;;;;;
2540938577;Asia King;474901982;87093650;;;;;restaurant;nepalese;;;;;;;;;;;
2546033390;Cooperativa;475013027;87258319;Winterthur;8400;Museumstrasse;74;restaurant;;;;Tu-Sa 16:00-23:00;;;;;;;;
2570468652;Al Giardino;474943016;87399559;Winterthur;8400;Tösstalstrasse;70;restaurant;italian;french;spanish;;;"Tu-Th 11:30-14:00,17:30-23:30; Fr 11:30-14:00,17:30-24:00; Sa 17:30-24:00; Su,Mo off";https://algiardino.ch/;;;;;
2649686873;imo Döner;475071594;87123153;Winterthur;;Wülflingerstrasse;66;fast_food;kebab;;;;;;;;;;;
2666984905;Bistro Gate 27;475038264;87285402;;;Theaterstrasse;27b;restaurant;;;;Mo-Fr 09:00-14:30;;yes;;;;;;
2795232150;Thai Bamboo;475001143;87293120;;;;;restaurant;thai;;;"Mo-Sa 11:30-14:00,17:00-22:00; Su 17:00-22:00";https://thaistyle-winterthur.ch/;;;;;;;
2941529903;Grand Café du Musée;474991780;87294806;Winterthur;8400;Kirchplatz;14;cafe;;;;;;;;;;;;
2955638928;Taggenberg;475197332;86842279;;;;;restaurant;;;;;;;;;;;;
3124969715;Dunkin';474992989;87241073;Winterthur;8400;Bahnhofplatz;4;fast_food;donut;coffee_shop;;;"Mo-Sa 08:00-21:00; PH,Su 09:00-20:00";;;;;;;
3124969719;Manta Sandwich-Bar;474998710;87312983;;;;;fast_food;;;yes;"Mo-We,Fr 07:30-19:00; Th 07:30-20:00; Sa 08:00-18:00; Su 11:00-18:00";;limited;;;;;;
3275087003;Culinarium Museumstrasse;475010925;87355238;;;;;restaurant;;;;Mo-Fr 11:30-13:30;http://culinarium-museumstrasse.sv-group.ch/;;;;;;;
3275087004;Culinarium Museumstrasse;475011816;87353616;;;;;cafe;;;;Mo-Fr 07:30-15:30;http://culinarium-museumstrasse.sv-group.ch/;;;;;;;
3305701136;Lina's Bar;475016523;87201640;Winterthur;8400;Wartstrasse;38;bar;;;yes;Mo-Sa 16:00-24:00;http://www.linas-bar.ch/;no;;;;;;
3373091672;Cafeteria;474964388;87189114;;;;;cafe;;yes;no;;;yes;;;;;;
3445108925;Manta Bar;475000287;87244305;;;;;fast_food;;;;Mo-Fr 07:30-19:00; Sa 08:30-18:30;http://www.manta-bar.ch/;yes;;;;;
3483494147;Subway;474990841;87263487;;;;;fast_food;sandwich;yes;yes;"Mo-Th 11:00-21:00; Fr,Sa 11:00-22:00; Su,PH 12:00-21:00";http://subway-sandwiches.ch;yes;;;;;;
3784367094;nooba;474983033;87212739;Winterthur;8400;Zürcherstrasse;1-3;restaurant;indian;japanese;thai;yes;yes;Mo-Fr 10:00-20:00; Sa 10:00-18:00;;yes;;;
3814637457;Restaurant Eulachstrand;474961460;87401724;;;;;restaurant;;;;;https://www.laebesruum.ch/restaurant/;limited;;;;;;
3976628874;Caliente;475052219;87097444;;;;;restaurant;pizza;;;;;no;;;;;;
4009059218;Bistro SEIN;474965966;87479413;Winterthur;8404;Industriestrasse;1;restaurant;;;;Tu-Fr 09:00-18:00;https://www.bistrosein.ch/;;;;;;;
4058248569;The Scotsman;474988858;87329483;Winterthur;8400;General-Guisan-Strasse;19;pub;;yes;no;Mo-Th 17:00-24:00, Fr 17:00-02:00, Sa 15:00-02:00, Su 15:00-23:00;https://www.thescotsman.ch/;;;;;;;
4058248571;Bangkok Karaoke;474993110;87331624;Winterthur;8400;General-Guisan-Strasse;31;pub;;;;Fr,Sa 22:00-05:00;;;;;;;;
4077210830;Schneider;474911301;87064274;;;;;cafe;;;;Mo-Fr 06:00-18:30; Sa 07:00-16:00; Su 08:00-16:00;;yes;;;;
4081017595;EMMA Bett und Bistro;474986758;87313473;Winterthur;8400;Oberer Graben;8;cafe;regional;oriental;yes;yes;;https://www.emma-bb.ch;no;;;;;
4083411849;Lou Salomé;474988997;87295578;;;;;cafe;;;;;;;;;;;;
4095400139;Gottlieber;474990151;87214453;;;;;cafe;;yes;yes;Mo-Fr 07:30-20:00; Sa 07:30-18:00; Su 10:00-18:00;;yes;;;;
4095400149;Boilerroom;474982504;87210260;Winterthur;8400;Zürcherstrasse;1-3;pub;;;;Mo-Th 17:00-23:00, Fr-Sa 17:00-01:00, Su 14:30-22:00;https://www.boilerroom.ch/;;;;;;;
4095400151;Yooji's;474980587;87212955;Winterthur;8400;Zürcherstrasse;1-3;restaurant;sushi;;;Mo-Sa 11:00-23:00; Su 17:00-22:00;https://www.yoojis.com/standorte/winterthur-i-kesselhaus/;;;;;;
4095400161;Les Coulisses;475018041;87279949;Winterthur;8402;Theaterstrasse;6;bar;;;;;;;;;;;;
4095400162;Café Restaurant Urban;474882213;87590845;;;;;cafe;;;;Mo 11:00-16:30; Tu-Su 09:00-17:30;;;;;;;
4095400163;Café Roman;475043234;87536581;Winterthur;8404;Frauenfelderstrasse;76;cafe;;;;Mo-Fr 07:00-23:00; Sa 08:00-19:00; Su 09:00-19:00;https://cafe-roman.ch/;;;;;
4095400164;Café «Am Römerholz»;475111731;87319184;;;;;cafe;;;;;;;;;;;;
4095400165;eve Bar & Lounge;474978696;87260518;Winterthur;8400;Technikumstrasse;73;bar;;yes;yes;"Tu-We 16:00-24:00; Th 16:00-01:00; Fr-Sa 16:00+; PH closed; Th-Sa 20:00+ open ""Eintritt ab 21 Jahren""";https://evelounge.ch/;limited;;;;;;
4095400166;Residenz Café;475016426;87226017;;;;;cafe;;;;PH,Mo-Su 08:00-21:00;;;;;;;;
4095400168;Frohsinn Eidberg;474747413;87944503;;;;;restaurant;;;;;;;;;;;;
4095400169;Pionier;474972039;87192311;;;;;restaurant;;;;Mo-Fr 07:30-15:30;;yes;;;;;;
4095400171;Echt KungFu;474935324;87593093;Winterthur;8404;Rudolf-Diesel-Strasse;28;restaurant;asian;chinese;;yes;"Tu-Sa 11:00-14:00, 16:30-22:00; Su 16:30-22:00";https://www.echtkungfu.ch/;;;;;;
4095400172;Trois Tilleuls;475101955;87301421;;;;;restaurant;;;;Mo-Su 08:00-22:00;;;;;;;;
4095400173;Villa Sträuli;475016738;87288079;;;;;restaurant;;;;May-Sep: Tu-Fr 11:30-14:00; Nov-Mar: Tu-Fr 11:30-14:00;https://www.villastraeuli.ch/;;;;;;
4095400175;Stadtrain;475010572;87463217;Winterthur;8404;Römerstrasse;71;restaurant;;;;Mo-Fr 08:30-23:30; Sa 11:00-23:30;;;;;;;
4095400177;Habibi;475014450;87473946;;;;;fast_food;;;;;;;;;;;;
4095400181;Kebab Treff Oberwinterthur;475045784;87542254;Winterthur;8404;Frauenfelderstrasse;72;fast_food;kebab;;;"Mo-We,Su 10:00-22:00; Fr-Sa 10:00-23:00";;yes;;;;;;
4095400186;Negishi Sushi Bar;474983532;87247212;Winterthur;8400;Archplatz;2;restaurant;sushi;;;;https://www.negishi.ch/winterthur-archhoefe;;;;;;;
4095400191;Gutschick;474917711;87502515;Winterthur;8400;Scheideggstrasse;10;restaurant;pizza;;;Mo-Sa 08:30-23:00; Su 09:30-22:00;;;;;;;
4095400192;Gianni's;474913296;87497603;Winterthur;8400;Scheideggstrasse;6;restaurant;pizza;;;"Mo-Fr 11:00-14:00,17:00-22:00; Sa,Su 17:00-22:00";;;;;;;;
4095400193;Nachbarsgarten;475058456;87194072;;;;;restaurant;;yes;yes;Tu-Sa 17:00-23:30;;no;;;;;;
4095987418;Gastronomie am Gleis;475016730;87235598;Winterthur;8400;Rudolfstrasse;21;restaurant;italian;yes;yes;Mo-We 08:00-23:00; Th 08:00-24:00; Fr 08:00-01:00; Sa 08:00-00:30; Su 13:00-23:00;https://www.gastronomieamgleiswinterthur.ch/;yes;;
4095987419;Thai Bistro;475009501;87222403;Winterthur;8400;Wartstrasse;12;restaurant;thai;;yes;11:30-22:00;https://www.malaithai.ch;limited;;;;;;
4095987420;Café Kunterbunt;475092781;87172208;;8400;Bachtelstrasse;72;cafe;;;;"Mo,Th-Sa 09:00-19:00; Su 09:00-18:00";https://cafekunterbunt.ch;no;;;;;;
4095987421;Ristorante Caruso;474917878;87137065;Winterthur;8406;Tössfeldstrasse;30;restaurant;;;;;;;;;;;;
4095987423;Sanook;474984732;87363658;Winterthur;8400;St. Gallerstrasse;27;restaurant;thai;;;Mo-Fr 11:00-14:00; Mo-Th 17:30-22:00; Fr-Sa 17:30-05:00;;;;;;
4095987424;Castello;474879822;87089972;Winterthur;8406;Klosterstrasse;50;restaurant;italian;;;;;;;;;;;
4095987426;Euro Pizza;475148496;87591591;Winterthur;8404;Sonnenblickstrasse;1;restaurant;pizza;;;Tu-Fr 11:00-13:30, Tu-Sa 17:00-22:00;;;;;;;;
4095987428;Dieci Pizzakurier;474984106;87373286;Winterthur;8400;St. Gallerstrasse;35;fast_food;pizza;;;"Mo-Th 11:00-13:30,17:00-22:00; Fr,Sa 11:00-13:30,17:00-23:00; Su 11:00-22:00";https://www.dieci.ch/de/pizzakurier-winterthur;;;;;;;
4095987429;Kongresshaus Liebestrasse;475022980;87296633;;;;;restaurant;;;;;;;;;;;;
4095987430;Viet-Long;474932416;87428894;Winterthur;8400;Allmannstrasse;20;fast_food;vietnamese;asian;;;"Mo-Fr 11:00-14:00,17:00-22:00; Sa,Su 16:30-22:00";https://www.vietlong.ch;;;;;;
4095987433;Bocciodromo Pizzeria;475076476;87084093;;;Flüelistrasse;9;restaurant;pizza;;;Tu-Fr 14:00-23:00; Sa-Su 11:00-23:00;https://bocciodromo.ch/;;;;;;
4095987434;Il Sapore;474891927;87028247;Winterthur;8406;Zürcherstrasse;208;restaurant;swiss;italian;pizza;;yes;;https://www.ilsapore.ch;limited;;;;
4095987435;Wirtschaft Zur Eintracht;475270733;87515018;Reutlingen (Winterthur);8404;Reutlingerstrasse;67;restaurant;regional;;;Tu-Fr 11:00-24:00; Sa 17:00-24:00;https://eintracht-reutlingen.ch/;;;;;;
4095987437;Neuburg;474967438;86763834;Winterthur;8408;Neuburgstrasse;63;restaurant;regional;barbecue;fine_dining;fondue;;yes;"We-Sa 11:00-14:00,17:30-23:00; Su 11:00-22:00; Mo,Tu off";https://neuburg.ch/;;;;
4095987438;Grotto Maienried;475169456;86847910;Winterthur;8408;Maienriedweg;42;restaurant;ticinese;;;;;;;;;;;
4109460415;Argentina;475004248;87226484;Winterthur;8400;Rudolfstrasse;15;restaurant;steak_house;yes;yes;"Mo-Sa 10:00-24:00; Su,PH 10:00-22:00";https://www.steakhouse-argentina.ch/de/p/standorte/winterthur-1086.html;limited;;;;;;
4125136764;By Elvis;474763352;87041609;Winterthur;8406;Zürcherstrasse;322;restaurant;;;;;https://www.byelvis.ch/;;;;;;;
4127859153;Coop Restaurant;474944515;87583632;Winterthur;8404;Rudolf-Diesel-Strasse;19;restaurant;german;;;Mo-Sa 08:00-20:00; PH off;;;;;;;
4143671995;Rüzgar;474945371;87118663;Winterthur;8406;Zürcherstrasse;57;cafe;;;;;;;;;;;;
4143671996;Anadolu Imbiss;474944763;87117540;Winterthur;8406;Zürcherstrasse;59;fast_food;kebab;;;;;;;;;;;
4143672000;Anita Bar;474923416;87082248;Winterthur;8406;Zürcherstrasse;93;bar;;;;;;;;;;;;
4145958789;Billardcenter Borsalino;474993039;87457750;Winterthur;8400;Werkstrasse;16;restaurant;;;;"Mo-Th 14:00-24:00; Fr-Sa 14:00-02:00, Su 14:00-24:00";https://www.borsalino.li/;;;;;;;
4153947940;Fabi Imbiss;475014552;87208153;Winterthur;8400;Wartstrasse;32;fast_food;kebab;;;Mo-Sa 10:00-23:00; Su 17:00-23:00;;;;;;;
4153947942;Maharaja Curry;475010717;87212270;Winterthur;8400;Wartstrasse;21;restaurant;;;;"Mo-Fr 11:30-14:00,18:00-23:00; Sa 18:00-23:00";;;;;;;;
4189897373;Destiny 1;474896820;87034206;Winterthur;8406;Zürcherstrasse;198;pub;;;;;;;;;;;;
4198831694;McQueen Fumoir;474979893;87258787;;;;;bar;;;;;;;;;;;;
4198831696;Couleur Bar;474978328;87283764;Winterthur;8400;Technikumstrasse;46;pub;;;;;;;;;;;;
4202897703;;474924859;87900381;;;;;bbq;;;;;;;;;;;;
4202897704;;474915747;87970642;;;;;bbq;;;;;;;;;;;;
4202897725;;475107324;87946002;;;;;bbq;;;;;;;;;;;;
4202897726;;475198397;87659073;;;;;bbq;;;;;;;;;;;;
4216125195;;474811470;87347509;;;;;bbq;;;;;;;;;;;;
4216125196;;474809751;87349640;;;;;bbq;;;;;;;;;;;;
4216125199;;474841331;86738055;;;;;bbq;;;;;;;;;;;;
4216125201;;475167796;87004376;;;;;bbq;;;;;;;;;;;;
4216125207;;475205374;86801382;;;;;bbq;;;;;;;;;;;;
4232449290;Café Wyden;475115458;86810461;;;;;cafe;;;;Mo-Fr 08:00-17:00; Sa 08:00-12:00;;;;;;;
4238364555;Toodog Sushi;474980708;87437277;Winterthur;8400;St. Gallerstrasse;78;fast_food;sushi;;;"Mo-Fr 11:00-14:00, 17:00-22:00; Sa 17:00-22:00";https://www.toodogsushi.ch/;;;;;;;
4350890743;Café Mélange;474843034;87641677;;;;;cafe;coffee_shop;;;Mo-Fr 14:00-18:00;https://www.cafe-melange.ch/;;;;;;;
4358977790;Carl's Jr.;474998234;87308762;Winterthur;8400;Unterer Graben;33;fast_food;burger;;;Su-Th 10:00-22:00; Fr-Sa 10:00-24:00;https://www.carlsjr.ch/;;;;;;
4395329570;Weroz;474938563;87417544;;;;;fast_food;;;;Mo-Sa 10:00-22:00; Su 11:00-21:00;;;;;;;
4395329572;Sport Café;474938554;87420444;;;;;cafe;;;;;;;;;;;;
4395329573;La Pizza Pasta;474930072;87433443;Winterthur;8400;Tösstalstrasse;89;fast_food;kebab;pizza;teigwaren;;;;https://lapizzapasta.ch;;;;;
4395329576;Victoria;474907272;87471475;;;;;restaurant;pizza;;;Mo-Sa 08:00-22:00; Su 10:00-22:00;;;;;;;
4395329789;Sultan;474841776;87597092;;;;;restaurant;;;;;;;;;;;;
4395329792;Taste of Asia;474837102;87606874;Winterthur;8405;Tösstalstrasse;249;restaurant;asian;;;;https://www.taste-of-asia.ch/;;;;;;;
4395329797;Princess;474831540;87609805;;;;;bar;;;;;;;;;;;;
4395329798;Krone Pub;474830710;87610753;;;;;pub;;;;;;;;;;;;
4395953063;Feuerstelle;475109513;87886136;;;;;bbq;;;;;;;;;;;;
4417689793;Domino's Pizza;475049501;87179070;;;;;fast_food;pizza;;;"Mo-Th 11:00-13:30, 17:00-23:00; Fr 11:00-13:30, 17:00-23:55; Sa 11:00-23:55; Su 11:00-23:00";https://www.dominos.ch/;;;;;;;
4434577593;Villa Duchessa;475002649;87266443;Winterthur;8400;Stadthausstrasse;12;restaurant;italian;;yes;Mo-Sa 10:00-23:30; Su 10:30-23:00;https://villa-duchessa-winterthur.ch/;;;;;;
4456693165;Migros Take-Away;474974593;87616940;Winterthur;8404;Industriestrasse;44;fast_food;;;;"Mo-Fr 08:00-20:00, Sa 08:00-18:00; PH off";https://filialen.migros.ch/de/take-away-winterthur-gruezepark-i;;;;;;;
4456693170;Nuu’s Thai Kitchen;475027681;87638016;;;;;fast_food;thai;yes;yes;"Mo-Fr 11:00-14:00,16:30-20:30; Su 16:30-20:30";;yes;;;;;;
4456693174;Da Cristina;475036970;87638892;;;;;cafe;;;;;;;;;;;;
4471606845;Allmanns Trend Food;475043819;87723984;;;;;fast_food;;;;;;yes;;;;;;
4471698522;Caleiro Bar;474991947;87665296;;;;;bar;;;;;;;;;;;;
4486137546;Migros Restaurant;475190680;87203977;Winterthur;8400;Schaffhauserstrasse;152;restaurant;;yes;no;;https://filialen.migros.ch/de/migros-restaurant-winterthur-rosenberg;;;;;;;
4486137563;Rosen;475116104;87212509;Winterthur;8400;Loorstrasse;31;fast_food;turkish;;no;"Mo-Fr 11:00-14:30, 17:00-23:00; Sa-Su 11:00-23:00";https://restaurantrosen.business.site;no;;;;;;
4585119394;Molly Malone;474965532;87463082;Winterthur;8400;Oberer Deutweg;4;pub;;;yes;;;yes;;;;;;
4808524921;Hi und da;474993549;87304410;Winterthur;8400;Obergasse;32;pub;;;yes;Su-Mo off; Tu-Th 09:00-22:30; Fr-Sa 09:00-00:00;https://www.hiundda.ch/;limited;;;;
4816412578;Bären;475109569;86926960;;;;;restaurant;;;;;;;;;;;;
4816412579;Da Cosimo;475109301;86937446;;;;;restaurant;pizza;;;;;;;;;;;
4836796658;Il Gelatino;474995031;87235461;;;;;ice_cream;;;;;;;;;;;;
4868065118;Ziegelhütte;474782038;86987396;Winterthur;8406;Dättnauerstrasse;26;restaurant;;;yes;"Fr,Sa 18:00+ open ""bei Anlass""";https://mirvowinti.ch;limited;;;;;;
4878656985;;475067900;86658336;;;;;bbq;;;;;;;;;;;;
4879747524;Santa Rosa;475018878;87734895;Winterthur;8409;Stegackerstrasse;14;restaurant;pizza;italian;;;;;;;;;;
4885628315;Beans & Balls;475008327;87262681;;;;;fast_food;coffee_shop;bowls;;no;Tu-Fr 09:00-16:00;https://www.beansandballs.ch/;;;;;;
4885628316;Thaifood Like;475008974;87262466;;;;;fast_food;thai;;no;;;;;;;;;
4885628318;Yosry’s ägyptischer Imbiss;475009606;87262267;;;;;fast_food;egyptian;;no;"Mo-We 11:30-17:00; Th-Fr 11:30-15:00, 18:00-20:00; Sa 11:30-17:00";;;;;;;;
4952008723;Saffron;475054212;87146463;Winterthur;8400;Bürglistrasse;31;restaurant;indian;;yes;"Mo-Fr 11:30-14:00, 17:30-23:00; Sa 17:30-23:00; Su 17:30-22:30";https://saffronrestaurant.ch/;;;;;;;
4985409623;Burger King;474991094;87247150;Winterthur;8400;Untertor;33;fast_food;burger;yes;yes;Su-Th 10:00-24:00, Fr 10:00-05:00, Sa 10:00-06:00;https://www.burger-king.ch/de/store-locator/store/restaurant_239725;yes;;;;;;
5007665837;;475052698;87657757;;;;;bbq;;;;;;;;;;;;
5007665838;;475056555;87654124;;;;;bbq;;;;;;;;;;;;
5007665839;;475054063;87640174;;;;;bbq;;;;;;;;;;;;
5105876560;Bistro Auwiesen;474833624;87048969;;;;;cafe;;yes;yes;"Mo-Fr 08:30-14:00,16:30-21:00; Sa 10:00-14:00";;;;;;;;
5109346567;Çakllani;474905043;87047391;Winterthur;8406;Zürcherstrasse;162;restaurant;balkan;;no;"Mo-Th 08:00-22:00; Fr-Sa 08:00-24:00, Su 08:00-22:00";https://www.restaurant-cakllani.ch/;;;;;;;
5109346573;Lani;474924275;87069041;;;;;restaurant;;;;;;;;;;;;
5112759070;COALMINE Café;475004004;87250816;;;;;cafe;;;;Mo-Fr 08:00-19:00; Sa 11:00-16:00;https://www.coalmine.ch/coalmine/cafe/;;;;;;
5144542839;Mira Mare;475017958;87535976;Winterthur;8404;Hegistrasse;35b;fast_food;pizza;italian;;;;;;;;;;
5205863978;Incontro;474912931;87340645;;;;;restaurant;italian;pizza;;;"Mo off; Tu, We, Fr 11:30-13:30, 17:30-21:00; Th, Su 17:30-21:00; Sa 11:30-21:00";http://www.incontropizza.ch/;;;;;;
5219634725;Terracina;474984412;87272400;;;;;restaurant;italian;noodle;pizza;;yes;;;limited;;;;
5250896232;Grütli;474927256;87121796;;;;;restaurant;;;;;;;;;;;;
5313864428;Sabi's Genuss Bistro;474984440;87277842;Winterthur;8400;Metzggasse;3;restaurant;;;;Tu 08:00-23:00; We-Th 09:00-23:00; Fr 08:00-24:00; Sa 09:00-24:00;https://www.sabisbistro.ch/;;;;
5320192449;Restaurant Rossberg;474624948;87146159;Kemptthal;8310;Rossbergstrasse;41;restaurant;regional;;no;;https://rossberg-winterthur.ch/;;;;;;;
5380764624;Erb;474858482;87631807;Winterthur;8405;Hinterdorfstrasse;48;cafe;regional;;yes;Mo-Fr 07:30-18:30; Sa 07:30-18:00;https://www.erb-getraenke.ch/;;;;;;
5524939977;;475421892;87649288;;;;;bbq;;;;;;;;;;;;
5575895524;Wirtschaft zum Landhaus;474886565;88038259;Räterschen;8352;Räterschenstrasse;34;restaurant;;;yes;We-Sa 11:00-22:00, Su-Tu off;https://www.gastro-tipp.ch/tipps_profile_detail.php?profileIDX=2558;;;;;;;
5596257036;;475041946;86867218;;;;;bbq;;;;;;;;;;;;
5715924417;Monte Civetta;475089085;86921959;Winterthur;8408;Wieshofstrasse;44;restaurant;pizza;italian;;;;;no;;;;;
5727215156;Restaurant Rathaus;474998332;87298837;;;;;ice_cream;;;;"open ""Summer""";;yes;;;;;;
5762237953;Roxy Vinyl Cafe;474984965;87321395;Winterthur;8400;Neustadtgasse;1a;cafe;;;;"Tu-Th 12:00-23:00; Fr,Sa 12:00-24:00; Su 12:00-18:00";;;;;;;;
5763891100;;475126199;87524048;;;;;bbq;;;;;;;;;;;;
5765890212;;475009119;87498160;;;;;bbq;;;;;;;;;;;;
5770385050;Seen Pizza - Kebab;474844248;87628281;Winterthur;8405;Kanzleistrasse;17;fast_food;kebab;pizza;;;Mo-Fr 10:00-21:30; Sa 10:30-21:30;;;;;;
5770385052;Sherazad;474963916;87458858;;;;;restaurant;pizza;;;;;;;;;;;
5995223146;doode Coffee World;475001836;87329684;Winterthur;8400;Obertor;6;cafe;;;;"Mo,Tu 00:00-19:00; We-Sa 08:30-22:00; Su 10:00-17:00";;;;;;;;
6063274103;House of Grill;474952300;87503609;;;;;restaurant;;;;Tu-Su 11:00-23:00;;;;;;;;
6063274104;Domino's;474951468;87505642;;;;;fast_food;pizza;;;"Mo-Fr 11:00-13:30,17:00-24:00; Sa 11:00-24:00; Su 11:00-23:00";;;;;;;;
6082078700;Tandoor Restaurant + Takeaway;475007586;87201508;;8400;;;restaurant;indian;;;Mo-Sa 10:00-20:00;http://www.indian-supermarket.ch/indian/supermarket;;;;;;;
6223030513;Hasan's Sandwich;474979285;87292496;;;Technikumstrasse;32;fast_food;;;;Mo-Sa 11:00-20:30; Su off;https://www.instagram.com/hasanssandwich/;;;;;;
6269893385;Restaurant Schwimmbad Wolfensberg;475135566;87153827;;8400;;;restaurant;;;;;;;;;;;;
6418842769;T4 Steibi;474983824;87299015;;;;;ice_cream;;;;;http://www.steibi-gelateria.ch;;;;;;;
6504247617;Frischtheke;475040568;87638139;;;;;fast_food;;;;;;;;;;;;
6510465867;Pizza con Amore;474924600;87084259;;;Zürcherstrasse;89;fast_food;pizza;;no;;;;;;;;;
6815281822;JC's Housecafe;475058789;87302519;;;;;cafe;;;yes;Mo-Fr 08:00-18:00;;no;;;;;;
6984983151;Esse Musicbar;474937273;87345161;Winterthur;8400;Zeughausstrasse;52;bar;;;;"We,Su 17:00-23:00; Th,Fr 17:00-24:00";https://www.esse-musicbar.ch/;;;;;;;
7091616935;Fondue Keller;475026752;87199275;Winterthur;8400;Tellstrasse;15;restaurant;swiss;fondue;raclette;;no;Tu-Su 17:00-23:00;https://www.fonduekeller-winterthur.com/;limited;;;;
7149547575;;475066484;87598637;;;;;bbq;;;;;;;;;;;;
7149638851;;475028719;87622189;;;;;bbq;;;;;;;;;;;;
7192989721;;474964351;87370622;;;;;bbq;;;;;;;;;;;;
7231454924;Wintimomo;474995172;87197056;Winterthur;8400;Schützenstrasse;10;restaurant;;;no;Mo-Fr 11:00-14:00;;no;;;;;;
7260721504;CUBE3;474986760;87279703;;;Metzggasse;10;cafe;;;;"Mo,We-Th,Sa 08:00-23:45; Tu,Fr 07:00-23:45; Su off";;;;;;;;
7312246385;Ristorante ConCordia;475090675;87172061;;8400;;;restaurant;italian;;;"Tu-Th 17:30-23:00; Fr,Sa 17:30-23:30";https://con-cordia.ch/;;;;;;;
7438158311;Migros Take-Away;475185529;87200141;Winterthur;8400;Schaffhauserstrasse;152;food_court;;;;"Mo-Fr 08:30-20:00, Sa 08:00-18:00; PH off";https://filialen.migros.ch/de/take-away-winterthur-rosenberg;;;;;;;
7438158319;Conditorei Bäckerei Spatz;475181024;87205033;;;;;cafe;;;;;https://www.spatz-dessert.ch/;;;;;;;
7438158320;Coffee Box Snack Bar;475188724;87207062;;;;;cafe;;;;;;;;;;;;
7439496294;Kebab Treff;475105886;86951108;;;;;restaurant;kebab;;;;;;;;;;;
7503079102;Asiaway Restaurant;474984124;87240672;Winterthur;8400;Archplatz;2;restaurant;;;;Mo-Sa 11:30-14:00,17:30-22:00;https://asiaway.ch/;;;;;;;
7503079115;ARCHiE Hot Dog Factory;474984097;87245477;;;;;fast_food;hot_dog;;;;;;;;;;;
7503079116;Asiaway Lounge;474983773;87239922;Winterthur;8400;Archplatz;2;fast_food;;;;Mo-Sa 11:00-22:00;https://asiaway.ch/;;;;;;;
7503079118;Café Archhöfe;474979542;87243914;Winterthur;8400;Archplatz;2;cafe;;;;Mo-Fr 09:00-20:00; Sa 09:00-18:00;https://www.cafearchhoefe.ch/;;;;;;
7632693412;My Home;474894776;87031772;Winterthur;8406;Zürcherstrasse;200;restaurant;;;yes;Mo-Su 06:30-21:00;;;;;;;;
7640643967;;475144201;87374994;;;;;bbq;;;;;;;;;;;;
7685026291;Migros Restaurant;474989820;87202505;;;;;restaurant;;;;Mo-Fr 08:00-20:00; Sa 08:00-18:00;https://filialen.migros.ch/de/migros-restaurant-winterthur-neuwiesen;;;;;;
7685026292;Migros Take-Away;474992587;87213153;Winterthur;8400;Strickerstrasse;3;food_court;;yes;no;"Mo-Fr 08:00-20:00, Sa 08:00-18:00; PH off";https://filialen.migros.ch/de/take-away-winterthur-neuwiesen-2;;;;;;;
7734615697;Pura Vida;474984388;87301559;;;;;ice_cream;;yes;yes;Mo-Sa 12:00-20:00; Su 13:00-19:00;https://gelateria-puravida.ch/;;;;;;
7734615698;Hinterer Hecht;474981958;87314041;;;;;bar;;;;Mo-Th 08:00-23:00, Fr 08:00-01:00, Sa 09:00-01:00;;;;;;;;
7815260385;Cross;475007543;87265940;Winterthur;8400;Stadthausstrasse;10B;restaurant;barbecue;;yes;;https://www.crossbbq.ch/;;;;;;;
7826688994;Industriehalle;474937731;87106155;Winterthur;8406;Untere Briggerstrasse;79;restaurant;pizza;;;Tu-Su 12:00-04:00;https://industriehalle-kurier.ch/;;;;;;;
7845978708;Big Burger;474940136;87110655;;;Zürcherstrasse;65;restaurant;burger;;;;https://bigburger.ch/;;;;;;;
7845978713;Indian King with Pizza;474970473;87010077;Winterthur;8406;Schlosstalstrasse;68;restaurant;indian;pizza;;;"Mo-Fr 11:30-14:00,17:30-22:00; Sa,Su 17:00-22:00";;;;;;;
7858249070;Brasserie Reh;474992908;87266065;Winterthur;8400;Marktgasse;61;restaurant;brasserie;french;;;"Mo-Th 08:00-22:00; Fr, Sa 08:00-23:00; Su 09:30-19:00";;;;;;;
7969145588;Wildrose Bistro;475054454;87174598;Winterthur;8400;Wülflingerstrasse;36;restaurant;;;;We-Fr 17:00+;https://wildrose-bistro.ch/;;;;;;;
7992692128;Grüner Saal;475035992;87276785;;;;;restaurant;;;;Mo-Fr 11:00-14:00; PH off;https://gruener-saal.sv-restaurant.ch/;yes;;;;;
8128785390;Jimmy's;474980566;87304657;Winterthur;8400;Technikumstrasse;12;restaurant;burger;steak_house;;;Tu-Th 11:00-22:30; Fr-Sa 11:00-24:00; Su 11:00-22:30;;;;;
8199027204;Hans im Glück;475181922;87200889;Winterthur;8400;Schaffhauserstrasse;152;restaurant;burger;yes;yes;Mo-Su 11:00-23:00;https://hansimglueck-burgergrill.de/standort/winterthur-rosenberg;;;;;;;
8519878955;Oberi Pizza;475077003;87554769;;;;;restaurant;pizza;;;"Tu-Th 11:00-13:00,17:00-22:00; Fr 11:00-13:30,17:00-23:00; Sa 17:00-23:00; Su,PH 12:00-22:00";;limited;;;;;;
8550952236;BurgerChuchi;474986696;87308996;;;Unterer Graben;7;fast_food;burger;;;"Mo-Fr 10:00-20:00, Fr,Sa 10:00-21:00; Su off";https://www.burgerchuchi.ch/;;;;;;;
8550999321;;475058715;87544205;;;;;bbq;;;;;;;;;;;;
8874899713;Tayyeb Burger;475012179;87209909;;;;;restaurant;burger;;;"Tu-Th 11:00-14:00,17:00-21:00; Fr 15:00-21:00; Sa,Su 12:00-21:00";https://www.tayyebburger.ch/;;;;;;;
9006547598;Gelati Schulgasse;474989291;87296748;;;;;ice_cream;;;;Mo-Su 12:00-22:00;https://www.gelati1998.ch/de/schulgasse/;yes;;;;;;
9040336569;Kafi Ziegelstei;474778386;86986122;Winterthur;8406;Dättnauerstrasse;9;cafe;;;;Tu-Su 09:00-17:00;https://www.ziegelstei.ch/;;;;;;;
9040439996;B51;474955808;87179129;Winterthur;8406;Drehscheibenplatz;;ice_cream;;yes;yes;Mo-Fr 12:00-17:00;;no;;;;;;
9097117333;Erpot;474983164;87546036;Winterthur;8404;St. Gallerstrasse;170;restaurant;;;;;https://erpot.ch/;;;;;;;
9340288325;Negishi Sushi Bar;475009563;87238195;;;;;fast_food;sushi;;;Mo-Su 10:00-21:00;;yes;;;;;;
9340288327;Frau Hund;475010438;87241901;;;;;fast_food;hot_dog;;;Mo-Fr 06:00-21:00; Sa 08:00-20:00; Su 10:00-20:00;;yes;;;;
9454867847;70/30;475015424;87206897;;;;;restaurant;;;yes;Mo-Th 11:00-22:00; Fr 11:00-23:00; Sa 11:00-23:00; Su 11:00-18:00;https://7030.ch/;;;;
9565727837;Himmellounge;474927172;87621295;Winterthur;8405;Im Hölderli;10;bar;;;;;https://www.himmellounge.ch/;;;;;;;
9578980149;HegiKern;475030544;87637272;;;;;cafe;;yes;yes;;;;;;;;;
9581108183;China Bowl;474990053;87302299;Winterthur;8400;Obergasse;15;restaurant;chinese;;;Mo-Sa 11:00-22:30; Su 17:00-22:30;https://www.chinabowl-restaurant.ch/;;;;;;
9651267228;McDonald's;474945709;87577932;Winterthur;8404;Rudolf-Diesel-Strasse;19;fast_food;burger;;;Mo-Sa 08:00-22:00;https://www.mcdonalds.com/ch/de-ch/location/winterthur-gr-zemarkt/780232.html;;;;;;;
9655661531;Suan Long;474996816;87235638;;;;;fast_food;chinese;;;Mo-Su 10:00-21:30;;;;;;;;
9655661532;City Grill;474997134;87235212;;;;;fast_food;kebab;;;Mo-Fr 06:00-22:00; Sa 07:00-22:00; Su 08:00-22:00;;;;;;
9655661535;Tenz Momo;474996204;87235208;;;;;fast_food;asian;;;"Mo-Fr 07:00-22:00; Sa,Su 10:00-21:00";;;;;;;;
9655661536;Oh My Greek;474996523;87235447;;;;;fast_food;greek;;;Mo-Fr 07:00-22:00; Sa 09:00-22:00; Su 09:00-21:00;;;;;;
9708663946;Viet Long;474957497;87649323;Winterthur;8404;Fröschenweidstrasse;10;restaurant;vietnamese;;;Mo-Fr 11:00-13:30;https://www.vietlong.ch/;;;;;;;
9813646886;Kafi Theodor;475036312;87619351;Winterthur;8404;Barbara-Reinhart-Strasse;18;restaurant;coffee_shop;;;;https://kafitheodor.ch/;yes;;;;;;
9858273717;Mini Golf;474897385;87249465;;;;;bar;;;;;;;;;;;;
9860737813;oh' bois;475107247;87230168;Winterthur;8400;Rosentalstrasse;65;restaurant;;;;Mo-Fr 09:00-16:30; Sa-Su 11:00-16:30; PH 11:00-16:30;https://stadt.winterthur.ch/themen/leben-in-winterthur/alter-gesundheit-und-soziales/wohnen-im-alter/alterszentren/alterszentrum_rosental/restaurant-oh-bois-im-alterszentrum-rosental;;;;;
9880301426;Coop Restaurant Winterthur City;474992923;87234586;Winterthur;8400;Bahnhofplatz;3;restaurant;;;;;https://www.coop.ch/de/unternehmen/standorte-und-oeffnungszeiten/detail.html/4948/;;;;;;;
9890092428;Bistro 15;475064698;87286606;;;;;cafe;;;yes;Mo-Su 07:30-19:00;;;;;;;;
9916802629;Rauke;474942761;87341936;Winterthur;8400;Zeughausstrasse;52;cafe;regional;;;Mo-Sa 09:00-16:00;https://rauke.ch/;;;;;;;
9916802630;LOK.AL;474942942;87342741;Winterthur;8400;Zeughausstrasse;52;bar;;;;Mo-Sa 16:00-23:00;https://lok.al/;;;;;;;
9972711523;Loilly;474990964;87209641;;;;;cafe;bubble_tea;;;Mo-Fr 08:00-20:00; Sa 08:00-18:00;;;;;;;
10083420039;MoBeeThai;474932570;87606172;;;;;fast_food;;;;Tu-Fr 11:00-14:00;;;;;;;;
10114694925;Aymez Grill House;474960949;87496999;;;;;fast_food;;;;Mo-Sa 09:00-23:00; Su 11:00-23:00;;;;;;;
10141182877;Blumen-Café Fany;474984926;87236875;Winterthur;8400;Archstrasse;4;cafe;;;;Mo-Sa 08:00-18:00;https://www.blumen-cafe.ch/;;;;;;;
10200593790;Dachterrasse zum Wiedehopf;475076405;87297795;;;;;bar;;;;We-Sa 16:00 - 23:00;https://zum-wiedehopf.ch;limited;;;;;;
10570538138;Cafè Spettacolo;474995056;87283165;;;Marktgasse;37;cafe;;yes;yes;Mo-Sa 06:00-19:00; Su 08:00-18:00;;yes;;;;;
10614201722;Sumak Sumak;474999092;87317937;;;Obertor;27;restaurant;turkish;;;Mo 11:00-21:30; Tu-Th 11:00-22:00; Fr-Sa 11:00-22:30; Su off;;;;;
10649464133;A Modo Mio;474981488;87324907;;;General-Guisan-Strasse;1;fast_food;;;;"Mo 11:00-14:00; Tu-Th 11:00-14:00,17:00-22:00; Fr-Sa 11:00-14:00,17:00-22:30; Su 17:00-22:00";https://winterthur.amodomio.ch/;;;;;;;
10649506774;Thai Take Away;474982238;87325352;;;General-Guisan-Strasse;1;restaurant;;;;Mo-Th 10:00-22:00; Fr-Sa 10:00-21:00; Su off;;;;;;
10774850130;Lux;474971572;87214294;Winterthur;8400;Untere Vogelsangstrasse;12;bar;;;;;;limited;;;;;;
10774870624;Vio;474972618;87215176;Winterthur;8400;Untere Vogelsangstrasse;12;bar;;;;Fr,Sa 21:00-04:00;;limited;;;;;;
10908421505;brewhouse Winterthur;474953458;87181533;;;Lagerplatz;4;pub;;yes;yes;"Su-Th 11:00-22:00; Fr,Sa 11:00-24:00";https://www.brewhouse.restaurant/de/p/home-1125.html;yes;;;;;;
10915551274;;475183499;87426136;;;;;bbq;;;;;;;;;;;;
11054865778;Kornhaus;474982435;87228328;Winterthur;8400;Untere Vogelsangstrasse;2-4;bar;;;;;;;;;;;;
11233255992;Schlosstal;475064541;86841850;Winterthur;8408;Wieshofstrasse;102;restaurant;;;;"Mo-Fr 07:00-17:00; Sa,Su,PH 13:00-17:00";https://ipw.ch/ueber-uns/gastronomie-1;;;;;;;
11233267402;Shadi's Food;474971391;87470746;Winterthur;8404;Kronaustrasse;2;fast_food;lebanese;;;Mo 11:30-19:30; Tu 11:30-18:30; We-Sa 11:30-20:30;https://shadisfood.ch/;;;;;
11238072140;Sherpa MoMo & Sushi Takeaway;475013124;87472024;;;Römerstrasse;74;fast_food;;;;;;;;;;;;
11238523573;Ammas Curry;474943437;87179944;;;Lagerplatz;19;fast_food;;;;Mo-Fr 11:30-13:30;;;;;;;;
11262554588;Keren Bar;475013092;87211198;;;;;bar;;;;;;;;;;;;
11482463986;;474697686;87543380;;;;;bbq;;;;;;;;;;;;
11524983451;;475409148;87675257;;;;;bbq;;;;;;;;;;;;
11524983468;;475402979;87680932;;;;;bbq;;;;;;;;;;;;
11525703466;;475372045;87548657;;;;;bbq;;;;;;;;;;;;
11554643226;Gocha;474988827;87211451;;;;;restaurant;burger;pizza;pasta;yes;yes;;;yes;;;;
11563934256;Wintialp;475011917;87273023;Winterthur;8400;Im Stadtpark;;restaurant;;;;Nov-Feb;;;;;;;;
11650814090;;475070579;86658908;;;;;bbq;;;;;;;;;;;;
11670287541;Clubrestaurant La Gloria;474624689;87135664;;;;;restaurant;;;;07:00-00:00;;;;;;;;
11725796522;Ristorante La Rosa;474935234;87155047;;;;;restaurant;italian;;yes;"Tu-Fr 11:00-14:00,18:00-23:00; Sa 16:00-23:00; Su 11:00-17:00";https://www.ristorante-larosa.ch/;;;;;;;
11742734354;Salon Erika;475011751;87183378;;;;;bar;;;;;;;;;;;;
11818443358;Transit Laden + Bistro;475051637;87746191;Winterthur;8409;Rümikerstrasse;45;cafe;;;;;https://stadt.winterthur.ch/themen/leben-in-winterthur/arbeit-steuern/arbeitsintegration/dienstleitungen-und-produkte/transit-hegi;;;;;;;
12128125202;Bistro Villa Sträuli;475016982;87286933;;;;;restaurant;italian;mediterranean;;;Mo-Fr 10:00-14:00;https://www.villastraeuli.ch/de/bistro;;;;;;
12145809201;Pizzeria Don Camillo;474980547;87277825;;;;;restaurant;italian;;;;;;;;;;;